[
  {
    "type": "enemy",
    "id": 0,
    "name": "Zombie",
    "stats": {
      "health": 20,
      "damage": 4,
      "range": 3.0,
      "speed": 1.3
    },
    "level": 1,
    "exp": 3,
    "loot": [ 0, 1, 2, 3, 4, 9, 10, 11, 12 ],
    "slug": "zombie"
  },
  {
    "type": "enemy",
    "id": 1,
    "name": "Bandit",
    "stats": {
      "health": 56,
      "damage": 9,
      "range": 3.0,
      "speed": 2.0
    },
    "level": 4,
    "exp": 7,
    "loot": [ 5, 6, 7, 13, 14, 15 ],
    "slug": "bandit"
  },
  {
    "type": "enemy",
    "id": 2,
    "name": "Boss",
    "stats": {
      "health": 134,
      "damage": 17,
      "range": 3.0,
      "speed": 4.0
    },
    "level": 10,
    "exp": 27,
    "loot": [ 5, 8, 6, 7, 14, 15, 16 ],
    "slug": "boss"
  },
  {
    "type": "enemy",
    "id": 3,
    "name": "Punching Bag",
    "stats": {
      "health": 9999999,
      "damage": 0,
      "range": 2.0,
      "speed": 4.0
    },
    "level": 0,
    "exp": 0,
    "loot": [],
    "slug": "punching_bag"
  },
  {
    "type": "enemy",
    "id": 4,
    "name": "Target Dummie",
    "stats": {
      "health": 2,
      "damage": 0,
      "range": 0.0,
      "speed": 0.0
    },
    "level": 1,
    "exp": 0,
    "loot": [],
    "slug": "target_dummie"
  }
]